City_ID,City,Lat,Lng,Max Temp,Humidity,Cloudiness,Wind Speed,Country,Date
0,khatanga,71.9667,102.5,10.22,93,100,14.09,RU,1676335766
1,rikitea,-23.1203,-134.9692,79.45,68,100,5.77,PF,1676335767
2,ahuimanu,21.4447,-157.8378,80.31,69,20,17.27,US,1676335768
3,cabo san lucas,22.8909,-109.9124,70.9,59,40,16.11,MX,1676335509
4,punta arenas,-53.15,-70.9167,48.31,66,40,16.11,CL,1676335770
5,east london,-33.0153,27.9116,72.21,91,2,10.98,ZA,1676335771
6,yulara,-25.2406,130.9889,93.58,19,29,12.06,AU,1676335772
7,constitucion,-35.3333,-72.4167,58.23,75,0,17.07,CL,1676335557
8,sinnamary,5.3833,-52.95,75.96,95,100,10.71,GF,1676335775
9,busselton,-33.65,115.3333,70.2,56,0,10.85,AU,1676335776
10,norman wells,65.282,-126.8329,-11.16,77,100,17.27,CA,1676335777
11,atuona,-9.8,-139.0333,79.72,76,8,19.01,PF,1676335778
12,salalah,17.0151,54.0924,68.09,77,0,4.61,OM,1676335779
13,yellowknife,62.456,-114.3525,-13.45,76,75,9.22,CA,1676335780
14,hasaki,35.7333,140.8333,41.29,50,100,19.77,JP,1676335781
15,hobart,-42.8794,147.3294,70.27,51,20,10.36,AU,1676335489
16,aiken,33.5835,-81.5998,57.11,50,0,6.91,US,1676335784
17,tambacounda,13.7539,-13.7586,86.05,28,0,23.02,SN,1676335785
18,kodiak,57.79,-152.4072,24.31,50,0,3.44,US,1676335785
19,chokurdakh,70.6333,147.9167,-35.68,99,95,3.87,RU,1676335786
20,new norfolk,-42.7826,147.0587,69.93,38,12,2.17,AU,1676335788
21,ribeira grande,38.5167,-28.7,54.77,73,100,7.0,PT,1676335788
22,vila franca do campo,37.7167,-25.4333,52.21,56,1,15.93,PT,1676335789
23,yashkul,46.1711,45.3435,23.32,87,100,14.05,RU,1676335790
24,haverfordwest,51.8017,-4.9691,42.06,94,1,1.01,GB,1676335791
25,namatanai,-3.6667,152.4333,84.65,67,100,3.15,PG,1676335792
26,ushuaia,-54.8,-68.3,40.66,87,100,10.36,AR,1676335793
27,thompson,55.7435,-97.8558,15.96,86,100,11.5,CA,1676335794
28,kautokeino,69.0125,23.0412,26.78,96,100,15.68,NO,1676335795
29,hilo,19.7297,-155.09,76.95,80,20,11.5,US,1676335795
30,hammerfest,70.6634,23.6821,34.25,69,40,6.91,NO,1676335796
31,colares,38.7992,-9.4469,55.76,67,89,8.99,PT,1676335797
32,ormara,25.2088,64.6357,70.43,59,0,9.8,PK,1676335798
33,mareeba,-17.0,145.4333,79.52,83,100,2.71,AU,1676335799
34,avarua,-21.2078,-159.775,84.25,74,20,8.05,CK,1676335800
35,champerico,14.3,-91.9167,86.54,75,0,8.48,GT,1676335801
36,saldanha,-33.0117,17.9442,64.45,98,36,8.46,ZA,1676335803
37,portland,45.5234,-122.6762,42.62,90,100,7.0,US,1676335259
38,janauba,-15.8025,-43.3089,73.8,65,1,5.97,BR,1676335630
39,black river,18.0264,-77.8487,76.23,74,58,3.04,JM,1676335806
40,kidodi,-7.6036,37.0044,70.36,97,47,3.22,TZ,1676335807
41,alice springs,-23.7,133.8833,90.95,40,0,19.57,AU,1676335808
42,jalu,29.0331,21.5482,53.15,56,85,6.17,LY,1676335809
43,port alfred,-33.5906,26.891,72.18,97,12,3.0,ZA,1676335810
44,puerto ayora,-0.7393,-90.3518,79.56,90,26,1.99,EC,1676335554
45,albany,42.6001,-73.9662,43.74,59,100,5.93,US,1676335662
46,killybegs,54.6333,-8.45,44.2,84,13,15.64,IE,1676335814
47,grindavik,63.8424,-22.4338,42.75,87,75,23.02,IS,1676335810
48,opuwo,-18.0607,13.84,71.44,43,83,3.38,NA,1676335816
49,tautira,-17.7333,-149.15,80.98,78,21,13.85,PF,1676335817
50,maumere,-8.6199,122.2111,79.5,79,100,3.31,ID,1676335818
51,barrow,71.2906,-156.7887,-14.78,84,75,4.61,US,1676335819
52,solnechnyy,50.7214,136.6319,-0.81,81,98,9.73,RU,1676335820
53,puerto escondido,15.85,-97.0667,76.71,86,21,4.99,MX,1676335821
54,bethel,41.3712,-73.414,49.8,53,40,0.0,US,1676335822
55,severnoye,56.3491,78.3619,-12.35,100,99,5.77,RU,1676335728
56,comodoro rivadavia,-45.8667,-67.5,60.66,21,0,32.21,AR,1676335824
57,vaini,-21.2,-175.2,80.76,94,100,8.05,TO,1676335825
58,makakilo city,21.3469,-158.0858,79.12,59,40,17.27,US,1676335826
59,pahrump,36.2083,-115.9839,60.85,21,100,8.99,US,1676335828
60,bluff,-46.6,168.3333,64.76,64,7,8.43,NZ,1676335829
61,saint-philippe,-21.3585,55.7679,74.79,88,46,10.85,RE,1676335830
62,dunedin,-45.8742,170.5036,63.81,75,1,3.0,NZ,1676335831
63,pevek,69.7008,170.3133,-36.33,100,100,6.62,RU,1676335646
64,eregli,37.5133,34.0467,19.94,79,78,1.99,TR,1676335833
65,upernavik,72.7868,-56.1549,-27.81,97,35,1.79,GL,1676335555
66,mar del plata,-38.0023,-57.5575,71.62,64,0,4.61,AR,1676335834
67,santa isabel do rio negro,-0.4139,-65.0192,74.57,96,100,1.12,BR,1676335836
68,ucluelet,48.9329,-125.5528,43.11,77,30,8.99,CA,1676335837
69,ust-nera,64.5667,143.2,-34.29,96,67,3.15,RU,1676335838
70,kahului,20.8947,-156.47,77.02,74,40,18.41,US,1676335644
71,lima,-12.0432,-77.0282,73.65,78,0,8.05,PE,1676335814
72,kirksville,40.1948,-92.5833,48.15,47,0,5.75,US,1676335671
73,kavieng,-2.5744,150.7967,83.62,69,79,2.13,PG,1676335840
74,kapaa,22.0752,-159.319,80.58,76,0,17.27,US,1676335841
75,mataura,-46.1927,168.8643,77.52,28,0,4.38,NZ,1676335842
76,hermanus,-34.4187,19.2345,68.81,91,0,5.1,ZA,1676335843
77,kieta,-6.2167,155.6333,84.72,69,83,5.32,PG,1676335845
78,jinchang,38.4953,102.1739,15.87,68,1,3.74,CN,1676335846
79,port elizabeth,-33.918,25.5701,73.09,94,75,8.05,ZA,1676335847
80,taltal,-25.4,-70.4833,70.86,81,100,5.77,CL,1676335848
81,marawi,7.9986,124.2928,71.83,90,100,1.07,PH,1676335815
82,arraial do cabo,-22.9661,-42.0278,76.96,88,75,1.14,BR,1676335710
83,tuktoyaktuk,69.4541,-133.0374,-14.8,76,75,14.97,CA,1676335851
84,lagoa,39.05,-27.9833,55.15,62,9,24.85,PT,1676335852
85,pangkalanbuun,-2.6833,111.6167,77.36,86,100,3.65,ID,1676335853
86,berbera,10.4396,45.0143,74.48,75,0,1.9,SO,1676335854
87,atambua,-9.1061,124.8925,75.4,89,100,6.71,ID,1676335855
88,hamilton,39.1834,-84.5333,50.99,44,0,6.91,US,1676335826
89,mahebourg,-20.4081,57.7,78.26,83,75,4.61,MU,1676335856
90,srednekolymsk,67.45,153.6833,-38.78,97,92,4.65,RU,1676335857
91,oranjestad,12.524,-70.027,76.95,83,20,17.27,AW,1676335858
92,tricase,39.9304,18.3553,38.55,73,96,12.15,IT,1676335859
93,cape town,-33.9258,18.4232,71.89,88,20,10.36,ZA,1676335825
94,saint anthony,45.0205,-93.218,37.29,73,0,11.5,US,1676335860
95,cidreira,-30.1811,-50.2056,77.76,83,0,17.43,BR,1676335861
96,severo-kurilsk,50.6789,156.125,25.93,92,100,10.09,RU,1676335862
97,ust-kulom,61.6864,53.6902,16.11,94,100,7.81,RU,1676335863
98,taos,36.4072,-105.5731,38.19,84,100,23.02,US,1676335864
99,butaritari,3.0707,172.7902,81.14,72,100,15.61,KI,1676335865
100,tshikapa,-6.4167,20.8,69.84,91,86,1.03,CD,1676335866
101,klaksvik,62.2266,-6.589,45.52,90,89,28.27,FO,1676335867
102,olafsvik,64.8945,-23.7142,40.96,82,100,29.89,IS,1676335868
103,sampit,-2.5333,112.95,79.11,80,77,3.53,ID,1676335869
104,pulandian,39.3953,121.9669,25.86,39,9,16.91,CN,1676335871
105,mufumbwe,-13.6833,24.8,60.33,92,100,3.33,ZM,1676335872
106,tiksi,71.6872,128.8694,-23.53,96,100,3.51,RU,1676335873
107,college,64.8569,-147.8028,-0.2,76,75,0.0,US,1676335716
108,nikolskoye,59.7035,30.7861,35.49,86,97,12.46,RU,1676335875
109,saint johnsbury,44.4192,-72.0151,37.42,72,100,2.24,US,1676335876
110,kemi,65.8596,24.8228,28.17,80,0,4.61,FI,1676335877
111,esperance,-33.8667,121.9,81.82,42,5,14.65,AU,1676335878
112,faanui,-16.4833,-151.75,82.4,74,17,14.14,PF,1676335880
113,cayenne,4.9333,-52.3333,75.24,94,100,2.3,GF,1676335881
114,ponta delgada,37.7333,-25.6667,52.52,66,20,5.75,PT,1676335750
115,poitiers,46.5833,0.3333,32.41,80,0,1.14,FR,1676335883
116,westfield,42.1251,-72.7495,42.87,71,0,3.44,US,1676335884
117,ukiah,39.1502,-123.2078,55.29,47,0,20.71,US,1676335809
118,bonfim,3.0833,-59.95,81.9,63,98,9.04,BR,1676335886
119,platanos,37.6667,21.6167,44.08,70,0,5.1,GR,1676335887
120,zhigansk,66.7697,123.3711,-23.66,98,100,11.56,RU,1676335888
121,castro,-24.7911,-50.0119,64.2,94,60,3.18,BR,1676335889
122,victoria,22.2855,114.1577,64.33,67,100,13.0,HK,1676335804
123,santiago del estero,-27.7951,-64.2615,77.68,84,98,13.51,AR,1676335890
124,awjilah,29.1081,21.2869,52.16,65,53,8.05,LY,1676335891
125,muros,42.7762,-9.0603,48.09,87,90,7.52,ES,1676335892
126,erenhot,43.6475,111.9767,17.33,35,100,3.98,CN,1676335893
127,barcelos,41.5388,-8.6151,54.68,73,95,5.28,PT,1676335895
128,akyab,20.15,92.9,63.09,42,3,7.25,MM,1676335896
129,safita,34.8205,36.1153,38.91,57,1,14.54,SY,1676335897
130,zhezkazgan,47.8043,67.7144,-11.22,84,40,8.95,KZ,1676335898
131,nome,64.5011,-165.4064,-7.53,77,0,8.05,US,1676335650
132,rafraf,37.1904,10.1837,43.12,66,6,3.15,TN,1676335900
133,jamestown,42.097,-79.2353,38.84,67,0,13.8,US,1676335900
134,broome,42.2506,-75.833,45.64,55,12,13.65,US,1676335902
135,hofn,64.2539,-15.2082,45.36,97,100,18.21,IS,1676335903
136,coquimbo,-29.9533,-71.3436,65.93,82,0,10.36,CL,1676335904
137,medeiros neto,-17.3739,-40.2206,72.57,84,25,9.15,BR,1676335904
138,sambava,-14.2667,50.1667,73.54,90,99,6.69,MG,1676335905
139,sao filipe,14.8961,-24.4956,70.92,78,23,8.46,CV,1676335643
140,bambous virieux,-20.3428,57.7575,78.22,83,75,4.61,MU,1676335717
141,buin,-33.7333,-70.75,79.12,45,0,2.1,CL,1676335907
142,vardo,70.3705,31.1107,28.38,80,20,9.22,NO,1676335908
143,lavrentiya,65.5833,-171.0,-10.16,91,100,3.09,RU,1676335909
144,grand gaube,-20.0064,57.6608,78.39,80,8,1.01,MU,1676335910
145,port lincoln,-34.7333,135.8667,68.27,64,7,11.48,AU,1676335911
146,ranfurly,-45.1333,170.1,70.11,49,0,13.51,NZ,1676335911
147,gananoque,44.3334,-76.1661,39.2,79,100,10.65,CA,1676335912
148,solothurn,47.2079,7.5371,35.55,91,100,0.0,CH,1676335914
149,doha,25.2867,51.5333,66.18,88,0,10.36,QA,1676335854
150,san patricio,28.017,-97.5169,71.55,76,100,16.58,US,1676335915
151,dudinka,69.4058,86.1778,7.63,94,100,20.65,RU,1676335916
152,bathsheba,13.2167,-59.5167,79.41,69,40,21.85,BB,1676335917
153,codrington,-38.2667,141.9667,67.23,55,2,10.4,AU,1676335708
154,bredasdorp,-34.5322,20.0403,68.79,88,0,2.33,ZA,1676335918
155,oxapampa,-10.5775,-75.4017,59.54,98,94,2.55,PE,1676335919
156,aranos,-24.1333,19.1167,78.71,19,68,5.66,NA,1676335920
157,saskylakh,71.9167,114.0833,-7.56,97,100,6.08,RU,1676335921
158,dovers,12.8833,-61.1833,76.59,81,6,20.51,VC,1676335922
159,hualmay,-11.0964,-77.6139,73.89,86,100,9.19,PE,1676335924
160,souillac,-20.5167,57.5167,77.38,83,75,4.61,MU,1676335925
161,mount isa,-20.7333,139.5,91.17,17,43,14.97,AU,1676335926
162,lorengau,-2.0226,147.2712,85.42,68,98,4.38,PG,1676335927
163,kushima,31.4583,131.2333,51.89,69,49,4.94,JP,1676335928
164,kerrville,30.0474,-99.1403,65.55,69,100,18.41,US,1676335929
165,haines junction,60.7522,-137.5108,15.75,48,70,11.5,CA,1676335929
166,husavik,66.0449,-17.3389,42.21,76,79,17.76,IS,1676335930
167,mogadishu,2.0371,45.3438,75.2,84,5,14.23,SO,1676335931
168,novoorsk,51.381,58.9813,-3.35,97,100,6.93,RU,1676335934
169,anadyr,64.75,177.4833,-21.5,67,20,13.42,RU,1676335935
170,georgetown,5.4112,100.3354,78.73,94,20,2.3,MY,1676335246
171,nemuro,43.3236,145.575,24.84,64,100,15.86,JP,1676335936
172,point pedro,9.8167,80.2333,75.51,68,0,9.08,LK,1676335937
173,isiro,2.7739,27.616,67.37,41,0,3.8,CD,1676335938
174,isangel,-19.55,169.2667,81.88,57,10,9.28,VU,1676335939
175,porosozero,62.7191,32.727,29.88,81,100,15.97,RU,1676335940
176,mattru,7.6244,-11.8332,74.73,80,10,1.34,SL,1676335941
177,gizo,-8.103,156.8419,84.96,70,51,7.18,SB,1676335942
178,dalvik,65.9702,-18.5286,44.53,85,78,11.07,IS,1676335943
179,tasiilaq,65.6145,-37.6368,28.56,95,100,7.58,GL,1676335944
180,valparaiso,-33.0393,-71.6273,71.24,46,0,8.05,CL,1676335805
181,walvis bay,-22.9575,14.5053,63.55,88,7,5.75,NA,1676335945
182,binga,-17.6203,27.3414,69.67,93,100,2.93,ZW,1676335946
183,cabanas,22.9758,-82.9219,66.63,68,0,7.31,CU,1676335947
184,novyy urgal,51.0736,132.5642,-8.28,89,20,1.95,RU,1676335948
185,cherskiy,68.75,161.3,-26.61,95,100,5.97,RU,1676335949
186,bandarbeyla,9.4942,50.8122,73.09,77,6,8.97,SO,1676335923
187,umm lajj,25.0213,37.2685,64.65,52,0,8.86,SA,1676335951
188,folkestone,51.0833,1.1833,42.71,88,4,8.7,GB,1676335952
189,najran,17.4924,44.1277,63.25,39,0,6.46,SA,1676335953
190,ilulissat,69.2167,-51.1,-18.38,76,75,11.5,GL,1676335953
191,acapulco,16.8634,-99.8901,84.02,70,20,9.22,MX,1676335777
192,bagdarin,54.4333,113.6,-2.99,94,87,0.94,RU,1676335955
193,beitbridge,-22.2167,30.0,73.11,91,100,13.56,ZW,1676335956
194,lompoc,34.6391,-120.4579,61.02,77,75,5.75,US,1676335957
195,tilichiki,60.4667,166.1,-1.17,81,100,9.19,RU,1676335958
196,iqaluit,63.7506,-68.5145,-29.31,73,20,3.44,CA,1676335959
197,kruisfontein,-34.0033,24.7314,70.88,93,99,4.43,ZA,1676335960
198,rosarito,32.3333,-117.0333,57.63,78,86,9.13,MX,1676335842
199,pisco,-13.7,-76.2167,77.05,78,100,14.97,PE,1676335961
200,chuy,-33.6971,-53.4616,79.45,73,99,3.96,UY,1676335962
201,hithadhoo,-0.6,73.0833,79.9,70,28,5.93,MV,1676335963
202,tupiza,-21.45,-65.7167,58.78,68,100,10.36,BO,1676335964
203,wattegama,6.7989,81.4808,67.69,89,0,4.56,LK,1676335964
204,sonoita,31.85,-112.8333,53.82,49,95,11.65,MX,1676335965
205,noormarkku,61.5927,21.8685,31.78,80,0,6.91,FI,1676335966
206,naron,43.5167,-8.1528,55.02,77,97,6.35,ES,1676335967
207,maarianhamina,60.0973,19.9348,38.82,93,0,5.75,AX,1676335843
208,geraldton,-28.7667,114.6,75.61,73,75,12.66,AU,1676335822
209,kampot,10.6167,104.1833,75.25,79,99,1.12,KH,1676335969
210,bandar-e lengeh,26.5579,54.8807,68.11,94,10,11.5,IR,1676335970
211,omboue,-1.5746,9.2618,77.77,87,100,3.83,GA,1676335971
212,malanje,-9.5402,16.341,62.56,97,96,1.99,AO,1676335972
213,provideniya,64.3833,-173.3,-8.64,64,100,8.99,RU,1676335712
214,ardabil,38.2498,48.2933,17.15,100,100,9.22,IR,1676335973
215,itapora,-22.0799,-54.7874,70.59,91,37,5.35,BR,1676335974
216,tixkokob,21.0,-89.4,71.98,67,0,9.04,MX,1676335975
217,ust-omchug,61.15,149.6333,-21.15,94,100,6.76,RU,1676335976
218,prince george,53.9166,-122.753,36.84,67,20,10.36,CA,1676335813
219,bhuj,23.2667,69.6667,62.28,17,0,2.53,IN,1676335978
220,kidal,18.4411,1.4078,74.46,20,100,10.4,ML,1676335979
221,ocos,14.5094,-92.1933,78.98,71,0,8.03,GT,1676335980
222,lafiagi,8.8667,5.4167,78.84,16,11,4.72,NG,1676335981
223,leningradskiy,69.3833,178.4167,-21.23,94,100,9.53,RU,1676335982
224,coihaique,-45.5752,-72.0662,45.21,93,40,2.3,CL,1676335983
225,eyl,7.9803,49.8164,71.49,81,62,9.4,SO,1676335984
226,nzerekore,7.7562,-8.8179,71.76,87,100,2.21,GN,1676335985
227,satipo,-11.2522,-74.6386,71.6,98,100,2.06,PE,1676335986
228,mirnyy,62.5353,113.9611,-15.61,100,99,4.18,RU,1676335987
229,waipawa,-41.4122,175.5153,58.15,97,100,23.0,NZ,1676335987
230,alofi,-19.0595,-169.9187,84.09,79,75,10.36,NU,1676335988
231,agirish,61.9247,63.0231,4.48,99,100,5.55,RU,1676335989
232,chesma,53.8111,60.6533,10.02,91,98,8.23,RU,1676335990
233,katsuura,35.1333,140.3,43.84,54,97,13.42,JP,1676335991
234,gravdal,68.1214,13.5031,42.35,92,100,22.84,NO,1676335992
235,gobabis,-22.45,18.9667,75.6,20,97,12.19,NA,1676335824
236,mut,36.6439,33.4389,32.27,72,9,7.85,TR,1676335994
237,nakambala,-15.8324,27.7799,64.17,97,100,5.79,ZM,1676335995
238,sur,22.5667,59.5289,70.43,51,57,4.25,OM,1676335996
239,meulaboh,4.1363,96.1285,75.88,90,85,5.91,ID,1676335997
240,carnarvon,-24.8667,113.6333,79.88,63,0,16.22,AU,1676335997
241,mount gambier,-37.8333,140.7667,69.19,46,0,6.04,AU,1676335999
242,tabas,33.5959,56.9244,49.44,69,100,4.12,IR,1676335999
243,paamiut,61.994,-49.6678,-5.01,82,4,12.8,GL,1676336000
244,hobyo,5.3505,48.5268,77.04,66,93,15.23,SO,1676336001
245,north bend,43.4065,-124.2243,44.24,86,100,27.63,US,1676336002
246,kango,0.1943,10.0951,76.71,93,99,2.57,GA,1676336003
247,newport,51.5877,-2.9984,43.43,91,0,2.13,GB,1676335845
248,coxim,-18.5067,-54.76,76.57,83,97,4.12,BR,1676335943
249,lebu,-37.6167,-73.65,59.13,81,99,7.43,CL,1676336006
250,talcahuano,-36.7167,-73.1167,64.08,59,0,16.11,CL,1676336007
251,beloha,-25.1667,45.05,71.65,89,0,5.5,MG,1676336008
252,dunmore town,25.5,-76.65,70.63,63,0,13.49,BS,1676336009
253,fort saint james,54.4333,-124.25,26.47,88,100,3.98,CA,1676336010
254,baykit,61.67,96.37,-4.4,97,100,1.97,RU,1676336011
255,puerto narino,-3.7703,-70.3831,74.52,96,100,2.46,CO,1676336012
256,atbasar,51.8,68.3333,-14.08,100,83,4.99,KZ,1676336013
257,darapidap,17.2131,120.4114,82.02,44,19,1.28,PH,1676336014
258,nanortalik,60.1432,-45.2371,13.1,71,8,29.55,GL,1676336014
259,oriximina,-1.7656,-55.8661,79.52,78,98,3.18,BR,1676336015
260,longyearbyen,78.2186,15.6401,15.64,79,20,16.11,SJ,1676335734
261,turangi,-39.0,175.9333,61.54,85,100,6.22,NZ,1676336017
262,naklo nad notecia,53.1421,17.6018,36.45,90,99,8.9,PL,1676336018
263,zyryanka,65.75,150.85,-35.23,93,55,3.53,RU,1676336018
264,avera,33.194,-82.5271,53.11,61,4,7.54,US,1676336019
265,orguz,43.7739,16.8639,36.05,72,1,7.63,BA,1676336020
266,port blair,11.6667,92.75,68.04,94,2,0.0,IN,1676336021
267,cockburn town,21.4612,-71.1419,77.13,70,0,3.13,TC,1676335902
268,bengkulu,-3.8004,102.2655,76.86,79,66,4.12,ID,1676336022
269,knysna,-34.0363,23.0471,69.84,93,76,0.89,ZA,1676336023
270,torbay,47.6666,-52.7314,27.57,84,75,15.99,CA,1676336024
271,dingle,10.9995,122.6711,78.67,85,100,13.4,PH,1676336025
272,quincy,42.2529,-71.0023,38.79,81,20,5.75,US,1676335912
273,kitwe,-12.7961,28.2477,61.65,96,100,3.83,ZM,1676336026
274,leon valley,29.4952,-98.6186,67.89,66,100,19.57,US,1676336027
275,talnakh,69.4865,88.3972,7.21,94,100,13.02,RU,1676335824
276,rio gallegos,-51.6226,-69.2181,46.45,87,75,12.66,AR,1676335871
277,staunton,38.1496,-79.0717,41.88,45,0,5.75,US,1676336029
278,inverell,-29.7833,151.1167,85.1,51,6,4.0,AU,1676336030
279,pochutla,15.7432,-96.4661,72.03,83,0,3.94,MX,1676336032
280,tairua,-37.0167,175.85,63.93,94,100,11.34,NZ,1676336032
281,kongolo,-5.3833,27.0,70.7,93,100,1.66,CD,1676336033
282,tutoia,-2.7619,-42.2744,80.76,80,100,12.68,BR,1676336034
283,mastic beach,40.7668,-72.8521,46.98,83,0,4.61,US,1676336035
284,villazon,-22.0866,-65.5942,55.62,61,99,13.24,BO,1676336036
285,dikson,73.5069,80.5464,9.88,94,100,15.26,RU,1676336036
286,chaman,30.9236,66.4512,53.62,35,100,4.54,PK,1676336037
287,linjiang,41.8069,126.9078,14.65,74,8,1.36,CN,1676336038
288,raudeberg,61.9875,5.1352,43.47,73,32,20.65,NO,1676336039
289,beberibe,-4.1797,-38.1306,78.85,86,100,12.06,BR,1676336040
290,russkaya polyana,49.417,31.9201,35.19,91,100,15.88,UA,1676336041
291,chik,54.9928,82.4311,-13.25,77,43,2.24,RU,1676336041
292,lakatoro,-16.0999,167.4164,84.38,60,34,4.85,VU,1676336042
293,ishigaki,24.3448,124.1572,60.93,100,75,14.97,JP,1676336043
294,rio cuarto,-33.1307,-64.3499,73.17,60,0,6.91,AR,1676336044
295,kayiry,46.9454,33.7059,32.88,97,100,13.62,UA,1676336045
296,qaqortoq,60.7167,-46.0333,1.02,81,76,3.83,GL,1676336046
297,pokhara,28.2333,83.9833,50.34,37,0,4.32,NP,1676336047
298,kopavogur,64.1123,-21.913,42.51,75,75,19.57,IS,1676336048
299,ollon,46.2952,6.9931,42.42,75,0,5.39,CH,1676336049
300,noumea,-22.2763,166.4572,82.99,99,4,9.64,NC,1676336050
301,mariakani,-3.8633,39.4736,70.72,94,75,3.87,KE,1676336051
302,christchurch,-43.5333,172.6333,68.2,60,75,17.27,NZ,1676335978
303,grand island,40.925,-98.342,52.09,49,0,13.8,US,1676335874
304,induno olona,45.848,8.8366,42.66,73,0,1.14,IT,1676336053
305,kailua,21.4022,-157.7394,80.58,71,20,16.11,US,1676336054
306,puerto baquerizo moreno,-0.9,-89.6,78.42,80,11,3.31,EC,1676336055
307,renigunta,13.65,79.5167,64.38,88,20,2.3,IN,1676336056
308,lere,10.387,8.5726,68.54,23,22,8.7,NG,1676336057
309,saint george,37.1041,-113.5841,57.79,31,0,17.27,US,1676335894
310,sitka,57.0531,-135.33,30.09,93,100,6.91,US,1676336043
311,mandok,48.3215,22.1911,31.57,92,100,2.73,HU,1676336060
312,guerrero negro,27.9769,-114.0611,60.03,67,0,17.81,MX,1676335844
313,auburn,47.3073,-122.2284,45.91,81,100,5.75,US,1676335769
314,kaitangata,-46.2817,169.8464,69.53,57,0,17.6,NZ,1676336062
315,putina,-15.4667,-69.4333,48.11,75,100,4.07,PE,1676336063
316,nara,34.6851,135.8049,42.12,42,99,14.2,JP,1676335807
317,vao,-22.6667,167.4833,75.09,69,7,12.77,NC,1676336066
318,petapa,14.5028,-90.5517,73.26,60,20,18.41,GT,1676336067
319,limon,10.0,-83.0333,80.49,78,0,5.75,CR,1676336068
320,los llanos de aridane,28.6585,-17.9182,56.95,63,0,3.44,ES,1676336069
321,richards bay,-28.783,32.0377,74.23,96,22,3.96,ZA,1676336070
322,krasnoselkup,65.7,82.4667,7.99,93,100,16.4,RU,1676336071
323,sawang daen din,17.4753,103.4575,83.1,43,100,3.76,TH,1676336072
324,airai,-8.9266,125.4092,65.5,85,100,4.68,TL,1676336071
325,ponta do sol,32.6667,-17.1,62.71,68,71,3.09,PT,1676336067
326,roma,43.2128,-75.4557,43.95,56,75,13.8,US,1676335805
327,afsin,38.2477,36.914,6.64,84,11,2.59,TR,1676336076
328,riyadh,24.6877,46.7219,53.74,83,5,6.2,SA,1676335898
329,kavaratti,10.5669,72.642,80.31,67,8,5.23,IN,1676336078
330,vila velha,-20.3297,-40.2925,78.75,86,0,10.36,BR,1676336060
331,vostok,46.4856,135.8833,4.66,85,100,3.6,RU,1676336079
332,plettenberg bay,-34.0527,23.3716,69.24,93,84,0.58,ZA,1676336081
333,jiuquan,39.7432,98.5174,20.21,80,4,4.76,CN,1676336081
334,broken hill,-31.95,141.4333,73.0,30,0,14.41,AU,1676336082
335,meiktila,20.8667,95.8667,66.4,33,0,4.05,MM,1676336083
336,denpasar,-8.65,115.2167,82.06,88,75,11.5,ID,1676336084
337,ostrovnoy,68.0531,39.5131,30.96,81,100,29.08,RU,1676336066
338,karratha,-20.7377,116.8463,92.48,49,79,8.75,AU,1676335977
339,san cristobal,7.7669,-72.225,66.72,84,26,1.5,VE,1676336086
340,maragogi,-9.0122,-35.2225,78.48,79,33,6.6,BR,1676336000
341,qaanaaq,77.484,-69.3632,-23.39,62,81,6.06,GL,1676336088
342,georgiyevskoye,58.731,45.024,17.46,96,100,6.4,RU,1676336088
343,nuuk,64.1835,-51.7216,-4.92,94,97,6.35,GL,1676336089
344,yarmouth,41.7057,-70.2286,40.14,80,100,8.99,US,1676336090
345,ivolginsk,51.7492,107.2837,-13.34,84,100,2.24,RU,1676336091
346,te anau,-45.4167,167.7167,72.54,50,1,2.89,NZ,1676336092
347,bonavista,48.6499,-53.1147,22.12,68,100,12.15,CA,1676336093
348,guiong,6.4186,122.0258,77.34,89,100,12.35,PH,1676336093
349,madang,-5.2246,145.7966,84.74,73,100,1.79,PG,1676336094
350,tessalit,20.1986,1.0114,71.29,16,100,17.07,ML,1676336089
351,sao joao da barra,-21.6403,-41.0511,78.89,89,100,14.72,BR,1676336096
352,hambantota,6.1241,81.1185,70.14,100,0,2.3,LK,1676336096
353,olinda,-8.0089,-34.8553,82.13,74,75,10.36,BR,1676335909
354,thinadhoo,0.5333,72.9333,80.38,68,7,7.25,MV,1676336098
355,boda,4.3189,17.4695,71.26,33,18,3.29,CF,1676336099
356,sri aman,1.2376,111.4621,73.45,100,20,0.0,MY,1676336099
357,okha,53.5739,142.9478,2.53,92,99,12.35,RU,1676336100
358,mweka,-4.85,21.5667,68.63,92,99,0.34,CD,1676336101
359,phuket,8.0,98.25,77.22,94,20,2.3,TH,1676336079
360,vaitape,-16.5167,-151.75,82.42,74,17,14.07,PF,1676336103
361,kirakira,-10.4544,161.9205,84.88,73,27,8.79,SB,1676336082
362,redding,40.5865,-122.3917,60.03,32,55,8.99,US,1676336106
363,muzhi,65.3667,64.6667,-8.79,100,89,4.7,RU,1676336106
364,hit,33.6416,42.8251,46.31,36,97,6.31,IQ,1676336107
365,yumen,40.2833,97.2,18.32,76,4,6.26,CN,1676336061
366,nichinan,31.6,131.3667,47.88,69,65,8.37,JP,1676336109
367,quelimane,-17.8786,36.8883,76.95,94,75,5.99,MZ,1676336110
368,margate,51.3813,1.3862,43.7,96,4,8.75,GB,1676336111
369,kenora,49.8167,-94.4337,38.37,52,75,12.66,CA,1676336112
370,vila,42.0304,-8.1588,45.48,68,91,4.97,PT,1676336110
371,eenhana,-17.4667,16.3333,73.47,40,94,1.74,NA,1676336114
372,sorab,14.3833,75.1,63.97,31,99,5.84,IN,1676336115
373,leshukonskoye,64.8989,45.7622,23.29,97,100,5.19,RU,1676336115
374,santa maria da boa vista,-8.8078,-39.8256,81.82,47,34,10.07,BR,1676336037
375,sorong,-0.8833,131.25,82.35,75,100,5.28,ID,1676336118
376,fairbanks,64.8378,-147.7164,-0.18,76,75,0.0,US,1676335851
377,manggar,-2.8833,108.2667,80.47,82,100,5.97,ID,1676336119
378,lakselv,70.0513,24.9718,28.22,74,75,10.36,NO,1676336120
379,mangaluru,12.8667,74.8833,74.26,83,11,4.61,IN,1676336121
380,awbari,26.5921,12.7805,49.84,49,51,9.46,LY,1676336122
381,kholm,59.2667,32.85,31.75,96,100,10.92,RU,1676336123
382,hami,42.8,93.45,29.37,52,0,3.51,CN,1676336078
383,piacabucu,-10.4056,-36.4344,79.02,71,67,7.78,BR,1676336125
384,buzuluk,52.7807,52.2635,22.15,92,100,13.27,RU,1676336126
385,wynyard,-41.0,145.7167,68.97,51,81,7.65,AU,1676336127
386,pyapon,16.2833,95.6833,68.72,73,7,5.35,MM,1676336128
387,sandviken,60.6167,16.7667,35.55,89,99,3.8,SE,1676335840
388,moron,-34.6534,-58.6198,82.15,75,0,0.29,AR,1676336130
389,miri,4.4148,114.0089,77.14,88,20,3.44,MY,1676336131
390,tanete,-3.9443,119.7848,83.52,67,100,10.4,ID,1676336132
391,ciudad guayana,8.3533,-62.6528,77.52,86,9,7.34,VE,1676336132
392,ixtapa,20.7,-105.2,76.23,61,75,12.66,MX,1676336132
393,alugan,12.2188,125.4808,79.57,87,41,12.24,PH,1676336135
394,dhidhdhoo,6.8833,73.1,80.49,66,0,13.56,MV,1676336135
395,valle nacional,17.7833,-96.3167,68.04,87,0,2.33,MX,1676336136
396,lazaro cardenas,17.9583,-102.2,78.19,71,4,9.04,MX,1676336031
397,ancud,-41.8697,-73.8203,53.47,83,98,7.25,CL,1676336099
398,saint-pierre,-21.3393,55.4781,74.88,88,12,10.36,RE,1676336050
399,kalugumalai,9.15,77.7167,68.0,78,12,5.14,IN,1676336139
400,melito di porto salvo,37.9222,15.7714,52.54,76,6,5.75,IT,1676336140
401,ulaangom,49.9811,92.0667,-14.76,85,52,3.4,MN,1676336141
402,kedougou,12.5579,-12.1743,88.38,25,2,2.3,SN,1676336141
403,carta,46.5333,25.75,12.04,99,89,2.82,RO,1676336142
404,lewisville,33.0462,-96.9942,62.42,62,0,12.66,US,1676336143
405,buckeye,33.3703,-112.5838,57.18,53,0,6.91,US,1676336095
406,namibe,-15.1961,12.1522,71.01,82,88,6.6,AO,1676336144
407,oktyabrskiy,54.4815,53.471,23.76,92,100,12.26,RU,1676336145
408,viedma,-40.8135,-62.9967,70.07,29,100,20.78,AR,1676336146
409,irtyshskiy,58.3333,68.1333,2.97,96,99,7.52,RU,1676336147
410,slave lake,55.2834,-114.769,22.98,74,75,11.5,CA,1676336148
411,moncagua,13.5333,-88.25,82.74,70,0,4.61,SV,1676336149
412,matara,5.9485,80.5353,71.38,85,0,7.9,LK,1676336150
413,wanning,18.8003,110.3967,76.42,81,68,3.24,CN,1676336082
414,boende,-0.2167,20.8667,72.01,82,100,1.95,CD,1676336151
415,bambanglipuro,-7.95,110.2833,77.25,87,97,5.21,ID,1676336152
416,roald,62.5833,6.1333,43.72,75,11,5.75,NO,1676336153
417,san quintin,30.4833,-115.95,54.34,76,17,1.7,MX,1676336119
418,oussouye,12.485,-16.5469,84.38,38,4,17.96,SN,1676336154
419,tungor,53.3808,142.9564,1.06,93,92,12.93,RU,1676336155
420,tumpat,6.1978,102.171,73.38,100,20,0.0,MY,1676336156
421,bukama,-9.2,25.85,67.91,97,100,3.4,CD,1676336157
422,kankan,10.3854,-9.3057,80.13,17,25,3.42,GN,1676336157
423,rocha,-34.4833,-54.3333,70.61,79,90,3.4,UY,1676336158
424,granada,37.25,-3.25,41.86,71,100,5.73,ES,1676335897
425,matamoros,25.5333,-103.25,86.11,16,75,18.41,MX,1676335882
426,casablanca,33.5928,-7.6192,62.33,67,100,1.99,MA,1676336160
427,kontagora,10.3999,5.4695,76.75,17,24,8.88,NG,1676336161
428,beaverlodge,55.2166,-119.4361,24.15,96,100,5.37,CA,1676336162
429,kisangani,0.5167,25.2,74.3,48,87,1.88,CD,1676336163
430,touros,-5.1989,-35.4608,80.83,77,81,14.85,BR,1676336164
431,tazovskiy,67.4667,78.7,7.47,94,100,11.39,RU,1676336166
432,orlik,52.5178,99.825,-12.3,92,12,2.89,RU,1676336167
433,sechura,-5.5569,-80.8222,78.89,66,100,11.43,PE,1676336168
434,aripuana,-9.1667,-60.6333,75.67,87,100,2.44,BR,1676336169
435,anshun,26.25,105.9333,37.26,86,100,8.3,CN,1676336170
436,minsk,53.9,27.5667,37.15,87,100,18.59,BY,1676335978
437,havre-saint-pierre,50.2334,-63.5986,14.0,71,0,8.05,CA,1676336172
438,adamas,36.7333,24.4333,51.12,58,13,25.34,GR,1676336173
439,chiredzi,-21.05,31.6667,70.38,98,100,5.5,ZW,1676336174
440,yelizovo,53.1873,158.3805,12.34,73,75,6.71,RU,1676336174
441,chimbote,-9.0853,-78.5783,75.04,80,100,6.71,PE,1676336175
442,say,13.1007,2.3689,79.36,22,0,10.54,NE,1676336176
443,manokwari,-0.8667,134.0833,82.22,71,73,1.21,ID,1676336177
444,darnah,32.767,22.6367,53.51,71,99,15.32,LY,1676336179
445,sao felix do xingu,-6.6447,-51.995,75.72,86,92,2.21,BR,1676336178
446,khobi,42.3156,41.8987,30.49,80,93,2.46,GE,1676336180
447,palmer,42.1584,-72.3287,40.51,73,75,3.44,US,1676336145
448,fortuna,40.5982,-124.1573,50.34,72,100,19.57,US,1676335853
449,terney,45.0503,136.6092,14.52,56,100,7.31,RU,1676336182
450,wanaka,-44.7,169.15,70.56,36,0,4.25,NZ,1676336184
451,alberton,46.8168,-64.0654,26.73,84,100,18.88,CA,1676336185
452,naze,28.3667,129.4833,58.12,69,100,16.06,JP,1676336052
453,kaspiysk,42.8816,47.6392,28.58,54,45,2.24,RU,1676336187
454,rock sound,24.9,-76.2,71.1,65,0,14.54,BS,1676336081
455,damara,4.9608,18.7035,75.78,33,81,3.11,CF,1676336189
456,lata,40.1629,-8.3327,46.08,68,100,5.91,PT,1676336190
457,mackay,-21.15,149.2,82.85,69,100,12.93,AU,1676336191
458,zhuhai,22.2769,113.5678,62.38,77,40,21.85,CN,1676336182
459,chernyshevskiy,63.0128,112.4714,-25.06,100,100,2.46,RU,1676336156
460,ust-kuyga,70.0167,135.6,-47.67,99,59,7.92,RU,1676336193
461,junin,-34.5838,-60.9433,73.17,22,0,5.03,AR,1676336194
462,okmulgee,35.6234,-95.9605,57.06,57,100,7.87,US,1676336195
463,okakarara,-20.5833,17.4333,68.76,28,76,8.37,NA,1676336196
464,kholmogory,64.2229,41.656,24.24,97,99,5.21,RU,1676336197
465,kirovskiy,45.0917,133.5136,8.58,90,100,10.71,RU,1676336198
466,waingapu,-9.6567,120.2641,81.82,73,95,6.87,ID,1676336142
467,tonantins,-2.8731,-67.8022,75.11,97,100,2.48,BR,1676336200
468,luis correia,-2.8792,-41.6669,79.2,84,100,12.86,BR,1676336201
469,port augusta,-32.5,137.7667,80.19,23,0,5.84,AU,1676336201
470,carballo,43.213,-8.691,54.82,70,93,4.41,ES,1676336202
471,harper,4.375,-7.7169,80.6,86,11,7.02,LR,1676336075
472,belmonte,-15.8631,-38.8828,76.37,81,3,6.44,BR,1676336204
473,komsomolskiy,40.4272,71.7189,32.72,80,100,2.3,UZ,1676336195
474,korla,41.7597,86.1469,27.55,62,12,3.6,CN,1676336118
475,itanhem,-17.1664,-40.33,71.02,82,38,6.53,BR,1676336206
476,zhangye,38.9342,100.4517,22.3,55,1,3.76,CN,1676336207
477,machico,32.7,-16.7667,62.71,81,20,1.14,PT,1676336207
478,manzanillo,20.3433,-77.1167,75.58,68,49,12.82,CU,1676336208
479,yatou,37.15,122.3833,33.13,47,30,20.38,CN,1676336209
480,capim grosso,-11.3811,-40.0128,76.41,68,100,11.05,BR,1676336210
481,biryukove,47.9563,39.7384,25.48,94,100,18.79,UA,1676336211
482,senador jose porfirio,-2.5908,-51.9542,74.75,95,91,3.11,BR,1676336212
483,eureka,40.8021,-124.1637,50.61,72,40,7.0,US,1676336212
484,kununurra,-15.7667,128.7333,87.78,74,70,3.44,AU,1676336071
485,san rafael,-34.6177,-68.3301,76.78,27,0,8.55,AR,1676336214
486,houston,29.7633,-95.3633,67.12,71,0,12.66,US,1676335836
487,pandan,14.0453,124.1694,78.62,86,73,15.93,PH,1676336215
488,dzhebariki-khaya,62.2167,135.8,-40.07,100,93,2.62,RU,1676336061
489,nairn,57.5809,-3.8797,40.73,90,100,4.61,GB,1676336217
490,kudahuvadhoo,2.6708,72.8944,80.37,68,15,10.87,MV,1676336156
491,beyneu,45.3167,55.2,28.58,90,100,17.81,KZ,1676336218
492,launceston,-41.45,147.1667,70.61,43,75,5.01,AU,1676336107
493,sarkand,45.41,79.9186,19.42,76,100,5.08,KZ,1676336220
494,shingu,33.7333,135.9833,44.82,46,5,6.62,JP,1676336220
495,samarai,-10.6167,150.6667,84.29,71,73,8.34,PG,1676336221
496,armidale,-30.5167,151.65,70.88,59,90,6.02,AU,1676336222
497,jalpan,21.2333,-99.4833,67.96,59,1,3.98,MX,1676336224
498,monrovia,6.3005,-10.7969,76.77,91,79,5.03,LR,1676336222
499,necochea,-38.5473,-58.7368,64.78,82,0,5.86,AR,1676336080
500,aykhal,66.0,111.5,-11.02,99,29,2.66,RU,1676336226
501,asau,46.4333,26.4,36.52,90,33,7.4,RO,1676336177
502,saint-augustin,51.226,-58.6502,-2.88,93,62,6.76,CA,1676336224
503,sol-iletsk,51.1631,54.9918,21.33,94,100,11.56,RU,1676336229
504,ilheus,-14.7889,-39.0494,82.22,78,20,8.05,BR,1676336230
505,miyako,39.6367,141.9525,33.87,52,45,10.65,JP,1676336231
506,port-gentil,-0.7193,8.7815,81.57,77,100,8.12,GA,1676336232
507,kota kinabalu,5.9749,116.0724,78.78,83,20,4.61,MY,1676336233
508,yenagoa,4.9247,6.2642,79.54,85,29,3.58,NG,1676336233
509,barra do garcas,-15.89,-52.2567,76.21,83,100,3.22,BR,1676336234
510,coos bay,43.3665,-124.2179,44.31,86,100,27.63,US,1676336235
511,ravar,31.2656,56.8055,57.9,45,100,8.77,IR,1676336236
512,san juan,-31.5375,-68.5364,82.47,23,0,5.59,AR,1676336107
513,clarence town,-32.5833,151.7833,74.8,83,100,6.15,AU,1676336238
514,muisne,0.6,-80.0333,76.55,88,82,0.98,EC,1676336239
515,acarau,-2.8856,-40.12,79.68,83,100,12.06,BR,1676336240
516,porto feliz,-23.2147,-47.5239,75.69,86,99,2.44,BR,1676336241
517,laguna,38.421,-121.4238,66.33,44,0,8.05,US,1676336048
518,sao jose da coroa grande,-8.8978,-35.1478,78.66,79,42,6.71,BR,1676336242
519,moose jaw,50.4001,-105.5344,34.07,80,75,11.5,CA,1676336243
520,dunda,-8.1167,34.25,63.37,94,100,1.95,TZ,1676336244
521,caravelas,-17.7125,-39.2481,76.33,88,100,5.55,BR,1676336110
522,epe,6.5841,3.9834,76.8,94,40,3.06,NG,1676336246
523,mwinilunga,-11.7358,24.4293,63.97,91,100,2.1,ZM,1676336247
524,mantenopolis,-18.8625,-41.1228,70.48,87,100,4.97,BR,1676336248
525,robertsport,6.7533,-11.3686,77.77,88,5,4.63,LR,1676336249
526,camacha,33.0833,-16.3333,56.62,82,20,2.3,PT,1676336250
527,el dovio,4.5079,-76.2362,63.36,94,77,4.85,CO,1676336251
528,chicama,-7.8447,-79.1469,72.14,73,100,6.8,PE,1676336251
529,yar-sale,66.8333,70.8333,0.66,100,91,8.61,RU,1676336107
530,maua,-23.6678,-46.4614,74.35,89,100,5.01,BR,1676336253
531,itaituba,-4.2761,-55.9836,84.36,79,0,0.0,BR,1676336254
532,verkhnetulomskiy,68.6073,31.7962,30.33,95,100,2.15,RU,1676336255
533,punalur,9.0,76.9333,64.9,88,4,4.25,IN,1676336256
534,tromso,69.6496,18.957,32.38,100,100,21.85,NO,1676336257
535,manaus,-3.1019,-60.025,79.29,89,75,2.3,BR,1676336238
536,fugen,47.35,11.85,35.76,66,1,5.35,AT,1676336179
537,surt,31.2089,16.5887,56.16,61,3,6.49,LY,1676336259
538,tateyama,34.9833,139.8667,44.1,55,98,12.19,JP,1676336259
539,shintomi,32.0785,131.4723,47.52,64,33,5.93,JP,1676336260
540,sargatskoye,55.6101,73.4972,-8.86,99,47,6.24,RU,1676336262
541,hadishahr,38.8431,45.6635,21.69,66,0,2.24,AZ,1676336263
542,kupang,-10.1667,123.5833,79.38,94,75,2.3,ID,1676336264
543,hovd,48.0056,91.6419,1.62,76,96,2.91,MN,1676336265
544,puerto del rosario,28.5004,-13.8627,64.15,63,100,14.97,ES,1676336179
545,prokopyevsk,53.9059,86.719,-0.24,84,67,0.87,RU,1676336266
546,chute-aux-outardes,49.1168,-68.399,17.58,86,100,14.97,CA,1676336115
547,goundam,16.4145,-3.6708,76.44,19,40,9.71,ML,1676336066
548,biasca,46.3597,8.9697,47.52,49,0,4.88,CH,1676336268
549,pasighat,28.0667,95.3333,57.25,64,0,3.89,IN,1676336269
550,novikovo,51.1537,37.8879,33.33,97,100,17.22,RU,1676336270
551,bada,51.392,109.8717,3.94,93,100,1.48,RU,1676336271
552,the pas,53.8251,-101.2541,30.22,74,75,4.61,CA,1676336223
553,mazamari,-11.3258,-74.5308,71.42,98,100,1.9,PE,1676336272
554,tenabo,20.05,-90.2333,71.6,67,0,0.22,MX,1676336273
555,san carlos de bariloche,-41.1456,-71.3082,51.55,62,75,24.16,AR,1676336098
556,santa cruz,-17.8,-63.1667,78.26,89,40,8.05,BO,1676336269
557,puerto boyaca,5.9758,-74.5885,76.84,85,93,2.04,CO,1676336275
558,srandakan,-7.9386,110.2506,77.45,87,97,5.19,ID,1676336186
559,bilsanda,28.25,79.95,46.26,40,0,2.39,IN,1676336276
560,chadiza,-14.0678,32.4392,63.46,96,100,5.23,ZM,1676336277
561,aswan,24.0934,32.907,51.1,43,0,4.61,EG,1676336278
562,toora-khem,52.4675,96.11,-4.63,99,99,1.88,RU,1676336279
563,kijang,35.2442,129.2139,40.73,63,13,5.91,KR,1676336280
564,worland,44.0169,-107.9554,37.85,56,0,0.0,US,1676336083
565,bialogard,54.007,15.9875,35.11,96,4,7.09,PL,1676336281
